AircraftType,MTOW,AssignedAircraftType
LAKX,0.75,AT43
A1,7.258,AT43
A10,23.133,AT76
A124,392.0,B744
A140,21.0,AT76
A148,42.55,CRJX
A158,43.7,CRJX
A178,51.8,E190
A19N,79.0,B738
A20N,79.0,B738
A210,0.599,AT43
A211,0.75,AT43
A21N,85.139,A321
A22,1.247,AT43
A225,392.0,B744
A23,0.454,AT43
A270,4.246,AT43
A3,23.133,AT76
A306,171.7,B763
A30B,165.0,B763
A310,150.0,B763
A318,68.0,B734
A319,70.0,A319
A320,77.0,A320
A321,83.0,A321
A33,0.599,AT43
A332,230.0,A332
A333,212.0,A332
A337,227.0,A332
A338,251.0,A332
A339,230.0,A332
A342,275.0,A332
A343,276.5,A332
A345,372.0,B744
A346,365.0,B744
A358,275.0,A332
A359,275.0,A332
A35K,275.0,A332
A37,5.22,AT43
A388,560.0,B744
A3ST,153.0,B763
A4,6.577,AT43
A400,190.0,B763
A5,0.599,AT43
A50,190.0,B763
A500,2.812,AT43
A6,23.133,AT76
A660,6.5,AT43
A7,21.773,AT76
A743,43.7,CRJX
A748,20.0,AT76
A900,0.599,AT43
AA1,0.599,AT43
AA5,1.106,AT43
AC11,1.528,AT43
AC50,2.3,AT43
AC52,2.3,AT43
AC56,3.062,AT43
AC5A,1.406,AT43
AC68,3.379,AT43
AC6L,3.062,AT43
AC72,3.379,AT43
AC80,4.717,AT43
AC90,5.08,AT43
AC95,5.67,AT43
AE45,1.406,AT43
AERK,0.454,AT43
AEST,2.812,AT43
AFOX,0.599,AT43
AJ27,42.55,CRJX
AJET,7.0,AT43
ALC1,0.454,AT43
ALIG,0.95,AT43
ALSL,0.45,AT43
AMX,7.0,AT43
AN12,61.0,B734
AN2,1.157,AT43
AN22,230.0,A332
AN24,21.0,AT76
AN26,24.0,AT76
AN28,6.5,AT43
AN30,24.0,AT76
AN32,27.0,DH8D
AN38,9.5,AT43
AN70,105.0,B752
AN72,43.09,CRJX
ANGL,1.247,AT43
AP32,0.599,AT43
APM2,0.599,AT43
APM3,0.599,AT43
APM4,1.106,AT43
APUP,0.599,AT43
AR11,0.599,AT43
AR15,0.599,AT43
AR50,0.454,AT43
AR5T,0.454,AT43
AR65,0.454,AT43
AR6T,0.454,AT43
ARVA,3.969,AT43
AS02,1.406,AT43
AS14,0.54,AT43
AS22,0.54,AT43
ASTO,0.599,AT43
ASTR,11.839,AT43
AT2P,1.785,AT43
AT3,7.0,AT43
AT3P,1.28,AT43
AT3T,3.402,AT43
AT43,16.7,AT43
AT44,18.6,AT43
AT45,18.6,AT43
AT46,18.6,AT43
AT5T,3.402,AT43
AT6T,3.969,AT43
AT72,21.5,AT76
AT73,21.5,AT76
AT75,22.0,AT76
AT76,23.0,AT76
AT8T,9.5,AT43
ATL,0.454,AT43
ATLA,49.15,E190
ATP,22.93,AT76
B1,214.6,A332
B103,1.28,AT43
B13,0.77,AT43
B17,23.133,AT76
B190,7.765,AT43
B2,214.6,A332
B209,1.406,AT43
B23,11.5,AT43
B24,49.15,E190
B25,16.7,AT43
B26,13.155,AT43
B350,6.804,AT43
B36T,2.13,AT43
B37M,85.139,A321
B38M,85.139,A321
B39M,85.139,A321
B461,42.184,CRJX
B462,42.184,CRJX
B463,44.225,CRJX
B52,214.6,A332
B58T,2.812,AT43
B60,1.406,AT43
B701,115.9,B752
B703,140.0,B752
B712,52.6,E190
B720,115.9,B752
B721,115.9,B752
B722,86.4,A321
B731,47.0,E190
B732,52.3,E190
B733,62.8,B734
B734,68.0,B734
B735,60.68,B734
B736,65.0,B734
B737,70.08,B737
B738,78.3,B738
B739,85.139,A321
B741,377.8,B744
B742,356.0,B744
B743,377.8,B744
B744,396.8,B744
B748,442.25,B744
B74D,377.8,B744
B74R,377.8,B744
B74S,356.0,B744
B752,115.9,B752
B753,122.5,B752
B762,160.0,B763
B763,186.88,B763
B764,204.1,B763
B772,287.0,A332
B773,299.3,A332
B778,351.53,B744
B779,351.53,B744
B77L,347.45,B744
B77W,351.53,B744
B788,227.93,A332
B789,250.83,A332
B78X,250.83,A332
BA11,39.463,CRJX
BCS1,65.0,B734
BCS3,68.0,B734
BD17,0.45,AT43
BDOG,1.406,AT43
BE10,4.246,AT43
BE12,31.8,DH8D
BE17,1.4,AT43
BE18,1.969,AT43
BE19,1.106,AT43
BE20,5.67,AT43
BE23,1.157,AT43
BE24,1.23,AT43
BE30,6.35,AT43
BE32,9.5,AT43
BE33,1.247,AT43
BE35,1.656,AT43
BE36,1.656,AT43
BE40,7.394,AT43
BE50,2.858,AT43
BE55,2.36,AT43
BE56,5.08,AT43
BE58,2.45,AT43
BE60,3.062,AT43
BE65,3.062,AT43
BE70,3.062,AT43
BE76,1.406,AT43
BE77,0.599,AT43
BE80,3.062,AT43
BE88,3.062,AT43
BE95,1.247,AT43
BE99,4.717,AT43
BE9L,4.581,AT43
BE9T,4.246,AT43
BELF,81.54,A321
BER2,41.0,CRJX
BIRD,0.454,AT43
BL17,1.4,AT43
BL8,1.406,AT43
BLCF,351.53,B744
BMAN,0.599,AT43
BN2P,1.785,AT43
BN2T,3.969,AT43
BR60,0.599,AT43
BR61,0.599,AT43
BRAV,0.599,AT43
BT36,1.633,AT43
BTX1,5.22,AT43
BUCA,0.454,AT43
BUSH,0.454,AT43
BX2,0.599,AT43
C02T,2.13,AT43
C04T,4.246,AT43
C06T,3.402,AT43
C07T,2.13,AT43
C101,5.22,AT43
C10T,2.13,AT43
C119,20.0,AT76
C120,0.45,AT43
C123,49.15,E190
C125,9.5,AT43
C130,81.54,A321
C133,81.54,A321
C135,140.0,B752
C140,0.45,AT43
C141,150.0,B763
C14T,2.13,AT43
C15,100.0,B752
C150,0.599,AT43
C152,0.599,AT43
C160,49.15,E190
C162,0.599,AT43
C17,204.1,B763
C170,0.599,AT43
C172,1.157,AT43
C175,0.45,AT43
C177,1.157,AT43
C180,1.406,AT43
C182,1.406,AT43
C185,1.406,AT43
C188,0.599,AT43
C190,1.528,AT43
C195,1.406,AT43
C2,49.15,E190
C205,1.28,AT43
C206,1.28,AT43
C207,1.23,AT43
C208,3.969,AT43
C210,1.542,AT43
C212,7.35,AT43
C21T,2.984,AT43
C22J,2.719,AT43
C240,1.633,AT43
C25A,5.67,AT43
C25B,6.291,AT43
C25C,7.761,AT43
C25M,4.853,AT43
C270,0.454,AT43
C27J,31.8,DH8D
C295,20.0,AT76
C303,2.95,AT43
C30J,81.54,A321
C310,2.495,AT43
C320,2.717,AT43
C335,2.858,AT43
C336,1.724,AT43
C337,1.406,AT43
C340,2.717,AT43
C402,2.858,AT43
C404,2.95,AT43
C411,2.95,AT43
C414,3.062,AT43
C421,3.379,AT43
C425,5.67,AT43
C441,5.67,AT43
C46,20.0,AT76
C5,372.0,B744
C500,5.67,AT43
C501,5.67,AT43
C510,3.921,AT43
C525,4.853,AT43
C526,4.75,AT43
C550,6.396,AT43
C551,5.67,AT43
C55B,6.713,AT43
C560,7.212,AT43
C56X,9.163,AT43
C5M,372.0,B744
C650,10.432,AT43
C680,13.744,AT43
C68A,13.744,AT43
C700,17.2,AT43
C72R,1.28,AT43
C750,16.193,AT43
C77R,1.106,AT43
C82,20.0,AT76
C82R,1.4,AT43
C82S,1.406,AT43
C82T,1.406,AT43
C97,23.133,AT76
CA25,1.406,AT43
CA41,0.95,AT43
CAT,1.28,AT43
CC19,1.157,AT43
CD2,6.6,AT43
CE22,0.454,AT43
CE25,0.599,AT43
CE43,1.542,AT43
CH10,0.599,AT43
CH20,0.599,AT43
CH25,0.599,AT43
CH2T,0.599,AT43
CH30,0.599,AT43
CH40,1.157,AT43
CH50,0.454,AT43
CH60,0.45,AT43
CH7A,0.599,AT43
CH7B,0.45,AT43
CHIN,0.45,AT43
CJ6,1.4,AT43
CL2P,20.0,AT76
CL2T,12.29,AT43
CL30,17.622,AT43
CL35,17.962,AT43
CL41,5.22,AT43
CL44,81.54,A321
CL60,20.23,AT76
CN12,0.454,AT43
CN35,16.7,AT43
CNBR,22.226,AT76
CO50,1.528,AT43
COAR,0.599,AT43
COL3,1.542,AT43
COL4,1.633,AT43
CONI,49.15,E190
CORV,1.785,AT43
COUG,0.599,AT43
COUR,1.406,AT43
COZY,1.4,AT43
CP10,1.247,AT43
CP20,0.95,AT43
CP21,0.599,AT43
CP22,0.95,AT43
CP23,0.95,AT43
CR10,1.315,AT43
CRES,3.402,AT43
CRJ1,24.0,AT76
CRJ2,23.13,AT76
CRJ7,38.0,CRJX
CRJ9,38.0,CRJX
CRJX,38.0,CRJX
CRUZ,0.45,AT43
CT4,1.247,AT43
CVLP,12.29,AT43
CVLT,22.93,AT76
CX5,0.599,AT43
D139,0.599,AT43
D140,1.28,AT43
D228,6.4,AT43
D250,0.599,AT43
D253,1.28,AT43
D28D,1.969,AT43
D28T,2.31,AT43
D328,13.64,AT43
D6,1.406,AT43
D8,1.315,AT43
DA2,0.599,AT43
DA36,0.77,AT43
DA40,1.28,AT43
DA42,1.785,AT43
DA5,0.45,AT43
DA50,1.406,AT43
DA62,2.3,AT43
DC10,250.0,A332
DC3,20.0,AT76
DC3T,20.0,AT76
DC4,20.0,AT76
DC6,31.8,DH8D
DC7,81.54,A321
DC85,152.0,B763
DC86,152.0,B763
DC87,152.0,B763
DC91,52.6,E190
DC92,51.7,E190
DC93,49.896,E190
DC94,51.7,E190
DC95,51.7,E190
DH2T,3.969,AT43
DH60,0.454,AT43
DH80,1.406,AT43
DH82,0.454,AT43
DH83,0.454,AT43
DH87,0.454,AT43
DH88,2.45,AT43
DH89,1.28,AT43
DH8A,15.65,AT43
DH8B,19.5,AT43
DH8C,19.5,AT43
DH8D,29.257,DH8D
DHA3,0.599,AT43
DHC1,0.45,AT43
DHC2,1.406,AT43
DHC3,1.406,AT43
DHC4,20.0,AT76
DHC5,7.258,AT43
DHC6,3.969,AT43
DHC7,24.0,AT76
DIMO,0.77,AT43
DLTA,0.45,AT43
DO27,1.633,AT43
DO28,2.3,AT43
DOVE,2.95,AT43
DR10,0.599,AT43
DR22,1.106,AT43
DR30,0.599,AT43
DR40,1.28,AT43
DT45,2.13,AT43
DV2,0.599,AT43
DV20,1.157,AT43
E110,6.4,AT43
E120,11.5,AT43
E121,5.25,AT43
E135,19.99,AT76
E145,22.0,AT76
E170,38.6,CRJX
E190,51.8,E190
E195,52.29,E190
E2,31.8,DH8D
E200,0.95,AT43
E230,0.95,AT43
E290,56.4,E190
E295,61.5,B734
E300,0.95,AT43
E314,3.13,AT43
E350,2.984,AT43
E35L,22.5,AT76
E3CF,160.0,B763
E3TF,160.0,B763
E400,1.999,AT43
E45X,24.1,AT76
E500,2.13,AT43
E50P,4.75,AT43
E530,7.0,AT43
E545,17.2,AT43
E550,17.2,AT43
E55P,8.15,AT43
E6,152.0,B763
E737,78.3,B738
E75L,40.37,CRJX
E75S,40.37,CRJX
E767,186.88,B763
EA50,2.719,AT43
EBOY,0.454,AT43
ECHO,0.599,AT43
EDGE,0.95,AT43
EFAN,0.454,AT43
EGRT,11.009,AT43
ELIT,6.396,AT43
EM10,5.22,AT43
EPIC,5.67,AT43
EPX1,0.45,AT43
ERCO,0.599,AT43
ESCA,2.984,AT43
ETAR,6.577,AT43
EUFI,21.773,AT76
EUPA,0.599,AT43
EV97,0.45,AT43
EVIC,2.719,AT43
EVOP,2.717,AT43
EVOT,2.984,AT43
EVSS,0.454,AT43
EXPR,1.4,AT43
F1,6.577,AT43
F100,43.09,CRJX
F104,21.773,AT76
F106,21.773,AT76
F111,36.741,CRJX
F117,23.133,AT76
F14,36.741,CRJX
F15,36.741,CRJX
F16,21.773,AT76
F16X,21.773,AT76
F18H,21.773,AT76
F18S,21.773,AT76
F1FV,0.95,AT43
F2,21.773,AT76
F22,36.741,CRJX
F260,1.528,AT43
F26T,2.13,AT43
F27,20.0,AT76
F28,33.0,DH8D
F2TH,19.142,AT43
F35,21.773,AT76
F4,21.773,AT76
F406,4.246,AT43
F5,7.0,AT43
F50,20.82,AT76
F5SA,7.0,AT43
F60,20.82,AT76
F600,3.969,AT43
F70,39.9,CRJX
F8,21.773,AT76
F86,7.0,AT43
F8L,1.247,AT43
F900,22.226,AT76
FA04,0.599,AT43
FA10,8.755,AT43
FA20,12.0,AT43
FA50,18.008,AT43
FA5X,31.751,DH8D
FA7X,31.751,DH8D
FA8X,31.751,DH8D
FBA2,1.247,AT43
FDCT,0.599,AT43
FFLY,3.379,AT43
FGTH,12.0,AT43
FGTL,214.6,A332
FLSS,0.599,AT43
FU24,0.45,AT43
FURY,2.858,AT43
G109,0.77,AT43
G115,1.315,AT43
G120,1.656,AT43
G12T,2.13,AT43
G140,2.13,AT43
G150,11.839,AT43
G159,13.64,AT43
G160,3.402,AT43
G164,0.45,AT43
G180,0.599,AT43
G200,0.95,AT43
G202,0.95,AT43
G21,2.45,AT43
G21M,3.062,AT43
G21T,5.67,AT43
G222,20.0,AT76
G250,17.962,AT43
G280,17.962,AT43
G2GL,5.22,AT43
G2T1,0.45,AT43
G3,0.599,AT43
G44,1.157,AT43
G4SG,5.22,AT43
G73,3.379,AT43
G73T,3.969,AT43
GA10,3.402,AT43
GA20,1.157,AT43
GA5C,31.751,DH8D
GA6C,41.957,CRJX
GA7,1.542,AT43
GA8,1.315,AT43
GALX,17.962,AT43
GC1,1.406,AT43
GENI,1.315,AT43
GL5T,41.957,CRJX
GL7T,45.132,E190
GLAS,1.528,AT43
GLEX,45.132,E190
GLF2,31.751,DH8D
GLF3,31.751,DH8D
GLF4,31.751,DH8D
GLF5,41.277,CRJX
GLF6,45.132,E190
GLSP,1.315,AT43
GLST,1.315,AT43
GM17,2.13,AT43
GNAT,5.22,AT43
GOLF,0.599,AT43
GP1,0.599,AT43
GP4,1.4,AT43
GRIZ,3.402,AT43
GSPN,6.396,AT43
GY80,0.599,AT43
H25A,9.848,AT43
H25B,12.701,AT43
H25C,11.839,AT43
H40,0.45,AT43
HA4T,17.917,AT43
HAR,7.0,AT43
HAWK,6.577,AT43
HDJT,5.67,AT43
HELI,1.106,AT43
HERN,1.785,AT43
HF20,9.848,AT43
HR10,1.528,AT43
HR20,0.599,AT43
HRNT,0.599,AT43
HU1,1.106,AT43
HU2,0.77,AT43
HUNT,7.0,AT43
HURK,5.67,AT43
HUSK,1.406,AT43
HYPR,0.454,AT43
IA63,5.22,AT43
IL18,81.54,A321
IL38,68.0,B734
IL62,165.0,B763
IL76,190.0,B763
IL86,215.0,A332
IL96,250.0,A332
IMPU,0.95,AT43
IR23,1.383,AT43
IR99,5.22,AT43
IS28,0.77,AT43
J10,21.773,AT76
J20,36.741,CRJX
J328,19.99,AT76
JAB2,0.599,AT43
JAB4,0.599,AT43
JABI,0.45,AT43
JAGR,21.773,AT76
JPRO,5.22,AT43
JS1,6.4,AT43
JS20,6.4,AT43
JS3,6.4,AT43
JS31,7.35,AT43
JS32,7.35,AT43
JS41,10.433,AT43
JU52,12.29,AT43
K250,1.157,AT43
K35A,140.0,B752
K35E,140.0,B752
K35R,140.0,B752
KAT3,2.31,AT43
KC2,141.4,B752
KC39,83.0,A321
KE3,152.0,B763
KEST,3.354,AT43
KFIR,21.773,AT76
KL07,1.157,AT43
KODI,3.969,AT43
KP2,0.599,AT43
KP5,0.599,AT43
KR30,0.45,AT43
KT1,3.13,AT43
L101,200.0,B763
L12,2.812,AT43
L159,6.577,AT43
L188,49.15,E190
L200,1.656,AT43
L29,5.22,AT43
L29A,20.23,AT76
L29B,20.23,AT76
L37,10.433,AT43
L39,5.22,AT43
L410,6.6,AT43
L59,5.22,AT43
L6,0.454,AT43
L60,1.157,AT43
L70,1.28,AT43
L90,2.13,AT43
LA25,1.157,AT43
LA4,1.157,AT43
LA8,1.28,AT43
LANC,20.0,AT76
LCR,0.599,AT43
LEG2,1.656,AT43
LESP,1.528,AT43
LGEZ,2.858,AT43
LJ23,5.67,AT43
LJ24,5.67,AT43
LJ25,9.3,AT43
LJ28,9.3,AT43
LJ31,9.3,AT43
LJ35,8.3,AT43
LJ40,9.3,AT43
LJ45,9.3,AT43
LJ55,10.659,AT43
LJ60,10.659,AT43
LJ70,10.432,AT43
LJ75,10.432,AT43
LJ85,18.008,AT43
LN3,0.599,AT43
LNC2,1.4,AT43
LNC4,2.984,AT43
LNCE,1.542,AT43
LNP4,2.984,AT43
LW20,0.599,AT43
LW40,1.106,AT43
LWIN,0.454,AT43
M106,0.454,AT43
M108,0.599,AT43
M10F,1.106,AT43
M10R,1.4,AT43
M15,3.402,AT43
M17,11.009,AT43
M18,1.4,AT43
M2,0.599,AT43
M200,1.656,AT43
M20P,1.528,AT43
M20T,1.528,AT43
M21,0.599,AT43
M212,1.315,AT43
M22,1.999,AT43
M24,1.157,AT43
M26,1.4,AT43
M28,7.35,AT43
M339,5.22,AT43
M345,4.5,AT43
M346,6.577,AT43
M4,1.315,AT43
M5,1.4,AT43
M55,11.009,AT43
M6,1.406,AT43
M600,2.984,AT43
M7,1.4,AT43
M7T,2.13,AT43
M8,1.315,AT43
MAGC,0.599,AT43
MC90,0.45,AT43
MCR1,0.599,AT43
MCR4,0.599,AT43
MD11,285.99,A332
MD81,67.81,B734
MD82,67.81,B734
MD83,72.575,B737
MD87,67.81,B734
MD88,67.81,B734
MD90,72.575,B737
MF17,1.23,AT43
MG15,5.22,AT43
MG21,21.773,AT76
MG23,21.773,AT76
MG25,36.741,CRJX
MG29,21.773,AT76
MG31,36.741,CRJX
MIR2,21.773,AT76
MIR4,36.741,CRJX
MIRA,21.773,AT76
MOR2,1.4,AT43
MP20,0.45,AT43
MRF1,21.773,AT76
MRJ7,42.55,CRJX
MRJ9,42.55,CRJX
MRMD,0.599,AT43
MS30,1.4,AT43
MS76,5.22,AT43
MU2,5.25,AT43
MU23,0.77,AT43
MU30,7.394,AT43
MUS2,1.4,AT43
N262,10.433,AT43
NAVI,1.28,AT43
NG5,0.599,AT43
NIM,78.3,B738
NM5,1.528,AT43
NNJA,0.599,AT43
NOMA,3.969,AT43
O1,1.406,AT43
ONE,0.599,AT43
ONEX,0.45,AT43
OSCR,1.406,AT43
P06T,1.23,AT43
P1,78.3,B738
P100,0.599,AT43
P149,1.406,AT43
P180,5.489,AT43
P2,20.0,AT76
P208,0.599,AT43
P210,1.633,AT43
P212,3.379,AT43
P28A,1.106,AT43
P28B,1.406,AT43
P28R,1.247,AT43
P28S,1.315,AT43
P28T,1.247,AT43
P28U,1.315,AT43
P3,61.0,B734
P32R,1.406,AT43
P32T,1.406,AT43
P337,1.406,AT43
P38,9.163,AT43
P39,5.67,AT43
P40,4.581,AT43
P46T,2.31,AT43
P50,0.45,AT43
P51,5.489,AT43
P60,0.599,AT43
P63,5.67,AT43
P66P,3.062,AT43
P66T,3.969,AT43
P68,1.406,AT43
P68T,2.13,AT43
P70,0.454,AT43
P750,3.402,AT43
P8,85.139,A321
P80,0.454,AT43
P82,23.133,AT76
PA11,0.45,AT43
PA12,1.106,AT43
PA14,0.599,AT43
PA16,0.599,AT43
PA18,1.406,AT43
PA20,0.45,AT43
PA22,1.28,AT43
PA23,1.406,AT43
PA24,1.528,AT43
PA25,0.454,AT43
PA27,2.36,AT43
PA30,2.858,AT43
PA31,2.95,AT43
PA32,1.724,AT43
PA34,1.999,AT43
PA36,1.106,AT43
PA38,0.599,AT43
PA44,1.724,AT43
PA46,1.969,AT43
PA47,3.921,AT43
PAT4,4.717,AT43
PAY1,4.08,AT43
PAY2,4.08,AT43
PAY3,5.08,AT43
PAY4,5.489,AT43
PC12,4.5,AT43
PC21,3.13,AT43
PC24,8.15,AT43
PC6P,1.785,AT43
PC6T,3.969,AT43
PC7,3.13,AT43
PC9,3.13,AT43
PELI,0.45,AT43
PETL,0.45,AT43
PIAE,0.45,AT43
PIAT,1.406,AT43
PINO,1.4,AT43
PIPA,1.528,AT43
PISI,0.77,AT43
PIT4,1.106,AT43
PITA,0.54,AT43
PITE,0.54,AT43
PIVI,0.45,AT43
PL12,1.4,AT43
PL2,0.599,AT43
PNR2,0.45,AT43
PNR3,1.315,AT43
PNR4,1.406,AT43
PO60,0.599,AT43
PRM1,5.67,AT43
PROT,0.599,AT43
PRXT,3.969,AT43
PT70,0.454,AT43
PT80,0.454,AT43
PTS1,1.247,AT43
PTS2,0.45,AT43
PULR,0.454,AT43
PUP,0.599,AT43
PZ01,0.454,AT43
PZ04,1.157,AT43
PZ06,0.45,AT43
PZ3T,5.08,AT43
PZ4M,1.106,AT43
PZ6T,3.402,AT43
Q01,2.858,AT43
Q4,14.6,AT43
Q9,4.7,AT43
R100,1.28,AT43
R135,140.0,B752
R200,0.599,AT43
R300,1.157,AT43
R44,1.1,AT43
R721,72.575,B737
R722,86.4,A321
R90F,1.28,AT43
R90R,1.28,AT43
R90T,2.13,AT43
RALL,1.106,AT43
RANG,1.4,AT43
RC70,2.95,AT43
RD20,0.95,AT43
RF3,1.406,AT43
RF4,1.406,AT43
RF6,0.599,AT43
RFAL,21.773,AT76
RJ1H,44.999,E190
RJ70,43.999,CRJX
RJ85,43.999,CRJX
RS20,0.454,AT43
RV10,1.4,AT43
RV12,0.599,AT43
RV14,1.247,AT43
RV3,1.4,AT43
RV4,1.247,AT43
RV6,0.95,AT43
RV7,1.4,AT43
RV8,1.4,AT43
RV9,1.247,AT43
RYSA,6.6,AT43
S05F,1.28,AT43
S05R,1.406,AT43
S10,0.599,AT43
S108,0.45,AT43
S122,0.599,AT43
S200,2.719,AT43
S208,1.406,AT43
S210,51.8,E190
S211,5.22,AT43
S223,1.05,AT43
S22T,1.633,AT43
S2P,12.29,AT43
S2T,10.433,AT43
S3,23.133,AT76
S330,1.0,AT43
S450,0.45,AT43
S601,4.853,AT43
S65C,4.2,AT43
SA02,0.599,AT43
SA20,0.45,AT43
SA30,1.4,AT43
SA37,0.77,AT43
SA50,0.45,AT43
SAM,0.599,AT43
SASH,1.406,AT43
SATA,5.22,AT43
SAVG,0.45,AT43
SB05,5.22,AT43
SB20,22.8,AT76
SB29,7.0,AT43
SB32,7.0,AT43
SB35,21.773,AT76
SB37,21.773,AT76
SB39,21.773,AT76
SB91,1.315,AT43
SBR1,8.755,AT43
SBR2,8.755,AT43
SC01,1.247,AT43
SC7,6.4,AT43
SD4,0.45,AT43
SF2,0.454,AT43
SF23,0.45,AT43
SF24,0.54,AT43
SF25,0.54,AT43
SF27,0.54,AT43
SF31,0.77,AT43
SF34,13.155,AT43
SF50,2.719,AT43
SG37,0.77,AT43
SG70,0.45,AT43
SH33,12.29,AT43
SH36,12.29,AT43
SHRK,0.599,AT43
SIRA,0.599,AT43
SJ30,9.3,AT43
SK70,3.379,AT43
SLG2,0.599,AT43
SLG4,0.599,AT43
SLK3,0.95,AT43
SLK5,0.95,AT43
SM19,2.13,AT43
SM20,2.13,AT43
SM92,1.106,AT43
SNAP,0.599,AT43
SNTA,0.54,AT43
SOL1,2.719,AT43
SOL2,2.719,AT43
SORA,0.599,AT43
SP7,1.999,AT43
SR01,0.599,AT43
SR20,1.383,AT43
SR22,1.542,AT43
SREY,1.406,AT43
SS2T,3.402,AT43
SSAB,7.0,AT43
ST10,1.247,AT43
ST75,0.454,AT43
STAR,5.489,AT43
STRE,0.454,AT43
STRK,5.22,AT43
SU17,21.773,AT76
SU24,21.773,AT76
SU25,6.577,AT43
SU26,0.95,AT43
SU27,36.741,CRJX
SU7,7.0,AT43
SU95,45.88,E190
SUBA,1.406,AT43
SVNH,0.454,AT43
SW18,0.454,AT43
SW2,4.581,AT43
SW3,5.25,AT43
SW4,7.258,AT43
SX30,0.95,AT43
SYMP,1.28,AT43
T1,5.22,AT43
T10,0.599,AT43
T134,47.0,E190
T154,100.0,B752
T160,214.6,A332
T19,0.45,AT43
T2,5.22,AT43
T204,105.0,B752
T206,2.858,AT43
T210,2.717,AT43
T211,0.599,AT43
T22M,214.6,A332
T250,1.406,AT43
T28,5.489,AT43
T30,0.95,AT43
T33,7.0,AT43
T34P,1.4,AT43
T34T,2.13,AT43
T35,0.45,AT43
T37,5.22,AT43
T38,5.22,AT43
T4,7.0,AT43
T40,0.45,AT43
T411,1.106,AT43
T50S,36.741,CRJX
T6,1.969,AT43
TAMP,1.106,AT43
TARR,1.4,AT43
TB05,1.247,AT43
TB20,1.4,AT43
TB21,1.4,AT43
TB30,1.4,AT43
TB31,2.31,AT43
TBEE,1.406,AT43
TBM,7.35,AT43
TBM7,2.984,AT43
TBM8,3.354,AT43
TBM9,3.354,AT43
TEX2,3.13,AT43
TFUN,0.77,AT43
TJET,2.719,AT43
TL20,0.599,AT43
TL30,0.599,AT43
TOBA,1.157,AT43
TOR,21.773,AT76
TOUR,0.599,AT43
TR20,1.247,AT43
TRF1,0.95,AT43
TRIM,1.785,AT43
TRIS,1.785,AT43
TS11,5.22,AT43
TU22,214.6,A332
TU95,214.6,A332
TUCA,2.984,AT43
TUTR,0.45,AT43
TWEN,1.28,AT43
TWIR,1.23,AT43
TWST,0.45,AT43
U15,0.599,AT43
U2,11.009,AT43
U21,4.246,AT43
UF10,0.599,AT43
UF13,0.54,AT43
UT75,0.454,AT43
V22,21.0,AT76
VAMP,5.22,AT43
VC10,140.0,B752
VELO,2.717,AT43
VF14,17.2,AT43
VF35,21.773,AT76
VK3P,1.633,AT43
VO10,1.157,AT43
VTOR,2.13,AT43
VTUR,2.717,AT43
WA40,1.28,AT43
WA41,1.28,AT43
WA42,1.247,AT43
WA50,1.23,AT43
WACF,1.157,AT43
WB57,23.133,AT76
WSP,0.599,AT43
WT9,0.599,AT43
WW23,8.15,AT43
WW24,7.394,AT43
XA41,0.95,AT43
XA42,0.95,AT43
XL2,0.599,AT43
Y12,3.969,AT43
Y12F,7.35,AT43
Y130,7.0,AT43
Y18T,1.157,AT43
YK18,1.28,AT43
YK28,21.773,AT76
YK40,17.2,AT43
YK42,54.0,E190
YK52,1.315,AT43
YS11,22.93,AT76
YURO,7.0,AT43
Z42,1.157,AT43
Z43,1.157,AT43
ZERO,5.08,AT43
ZULU,0.454,AT43
GEMINI,1.4,AT43
LIBERTY,0.73,AT43
VP2,0.5,AT43
GLOBE,0.83,AT43
LZN07,7.8,AT43
NH90,10.08,AT43
LET,1.82,AT43
AS3B,9.29,AT43
BREZ,0.6,AT43
KR2,0.5,AT43
GLASAIR,0.99,AT43
PSW4,1.8,AT43
B222,3.73,AT43
G164A,1.9,AT43
HILLER,1.36,AT43
RELI,1.8,AT43
PEMB,5.7,AT43
YAK9,2.8,AT43
GROB,0.95,AT43
SUKHOI,1.04,AT43
HELIO,1.5,AT43
ROCKWEL,1.4,AT43
OPTICA,1.0,AT43
PZ12,1.2,AT43
B06,1.51,AT43
H60,9.95,AT43
BSTP,7.3,AT43
COMANDE,1.3,AT43
K8,4.3,AT43
B427,2.98,AT43
RHEIN,1.9,AT43
VICTA,0.7,AT43
EXPL,2.91,AT43
A119,2.78,AT43
AS32,8.74,AT43
VALMET,1.9,AT43
CORS,4.9,AT43
PP3,1.5,AT43
SU31,1.1,AT43
CIRRUS,1.48,AT43
FREL,13.0,AT43
MI8,12.59,AT43
GAZL,1.83,AT43
MXS,0.8,AT43
S6,1.0,AT43
CLON,0.6,AT43
ROBIN,1.05,AT43
L13S,0.92,AT43
LYNX,4.83,AT43
ALO3,2.17,AT43
NMCU,0.9,AT43
RUTAN,0.62,AT43
MOTH,0.83,AT43
SV4,0.8,AT43
S76,5.26,AT43
BCAT,5.7,AT43
JODEL,1.2,AT43
ALO2,1.5,AT43
MI26,56.0,E190
DRONE,0.3,AT43
AVIAT,0.71,AT43
DORNIER,1.89,AT43
EC30,2.42,AT43
F18,23.67,AT76
AS55,2.53,AT43
FK11,1.1,AT43
S58P,6.4,AT43
A109,2.99,AT43
AS65,4.23,AT43
NORS,3.4,AT43
VAN'S,0.79,AT43
A139,6.65,AT43
S360,3.0,AT43
GLASER,0.6,AT43
LAVERDA,0.82,AT43
SKAR,0.7,AT43
EXTRA,1.35,AT43
ACAR,1.0,AT43
PHILIPS,1.1,AT43
PUMA,7.45,AT43
CHIEF,0.6,AT43
IMPULSE,0.8,AT43
MACCHI,1.8,AT43
PICO,1.15,AT43
THORPE,0.6,AT43
S10S,0.9,AT43
AN3,5.7,AT43
CESSNA,1.21,AT43
PIAGGO,1.76,AT43
H64,7.9,AT43
LAMBERT,1.2,AT43
ZLIN,1.13,AT43
AS50,2.25,AT43
SAAB,1.15,AT43
TECNAM,1.06,AT43
TLEG,1.5,AT43
TAIFUN,0.9,AT43
RQ4,11.6,AT43
REMOS,0.6,AT43
EH10,13.32,AT43
LAKE,1.25,AT43
SWEIZER,1.15,AT43
WASSMER,1.1,AT43
DYNAERO,0.8,AT43
PULSAR,0.5,AT43
SOCATA,1.26,AT43
EC75,7.5,AT43
PIPER,1.25,AT43
PUTZER,0.7,AT43
SHIP,1.9,AT43
BUCKER,0.7,AT43
MGAT,7.0,AT43
SCHEIBE,0.67,AT43
BELL,1.49,AT43
MI24,11.45,AT43
WESX,5.5,AT43
SYCA,2.5,AT43
B412,5.38,AT43
G2CA,0.7,AT43
AERO,0.6,AT43
LAMA,1.98,AT43
BELLANC,1.38,AT43
L10,4.8,AT43
T334,46.0,E190
EC35,2.87,AT43
S61,9.63,AT43
SIAI,1.24,AT43
PARTENA,1.1,AT43
RS80,1.1,AT43
EC55,4.87,AT43
GIPPSLD,1.82,AT43
ULAC,0.43,AT43
VENT,0.6,AT43
JABIRU,0.6,AT43
NOREC,1.1,AT43
INTERAV,1.0,AT43
MD60,1.9,AT43
STINSON,0.9,AT43
MESS,1.1,AT43
H900,1.1,AT43
IKARUS,0.5,AT43
PZL,1.29,AT43
KA27,11.25,AT43
BD4,1.1,AT43
DH82A,0.8,AT43
AS16,0.7,AT43
HUGHES,1.43,AT43
VL3,0.5,AT43
H53,33.3,DH8D
MOONEY,1.3,AT43
IR46,0.8,AT43
NAVION,1.37,AT43
M-20,1.97,AT43
BASS,3.23,AT43
BEECH,1.64,AT43
BALL,0.99,AT43
S92,12.52,AT43
EC45,3.65,AT43
SKYC,1.9,AT43
AAT3,0.6,AT43
BRANDLY,0.6,AT43
TECHNIK,0.7,AT43
A129,4.1,AT43
A189,8.3,AT43
COLIBRI,1.7,AT43
RUSCHMR,1.29,AT43
ZODIAC,0.6,AT43
LUSCOMB,0.65,AT43
BROU,2.7,AT43
METR,7.1,AT43
ARV1,0.5,AT43
CHAIKA,1.35,AT43
MA60,21.8,AT76
AP22,0.5,AT43
H47,22.26,AT76
POTTIER,0.5,AT43
M326,3.8,AT43
MI2,3.59,AT43
GRUMMAN,1.18,AT43
FC1,12.7,AT43
GOUMURA,0.8,AT43
MUDRY,1.05,AT43
A149,8.1,AT43
B430,4.24,AT43
FFA,1.0,AT43
KA26,3.3,AT43
B407,2.36,AT43
H269,0.92,AT43
CP30,0.6,AT43
CTAH,0.6,AT43
RQ4B,14.6,AT43
SILA,0.5,AT43
GENAVIA,0.8,AT43
S64,20.2,AT76
RAV5,1.6,AT43
B105,2.49,AT43
HB23,0.8,AT43
WACO,1.33,AT43
BOELKOW,0.8,AT43
A169,4.64,AT43
EUROPA,0.6,AT43
NIPPER,0.3,AT43
MQ9A,4.7,AT43
MQ1B,1.0,AT43
VELOCTY,1.08,AT43
W3,6.4,AT43
TIGR,6.1,AT43
RALLYE,0.9,AT43
P19,0.7,AT43
CAUDRON,1.0,AT43
B06T,1.85,AT43
V10,5.7,AT43
H160,6.0,AT43
B429,3.2,AT43
FA24,1.2,AT43
B212,5.12,AT43
YK11,2.5,AT43
BK17,3.38,AT43
COYOTE,0.5,AT43
B230,3.8,AT43
SCLACRO,1.1,AT43
BEAGLE,1.1,AT43
MI14,14.0,AT43
FURNIER,0.85,AT43
ZIVKO,0.9,AT43
ME09,2.5,AT43
SPIT,3.64,AT43
CAPELLA,0.6,AT43
ENSTROM,1.24,AT43
H46,10.4,AT43
HURI,3.6,AT43
CP13,0.7,AT43
LANCAIR,1.25,AT43
FOUG,3.3,AT43
Z37P,1.9,AT43
NOTAR,1.5,AT43
MAULE,1.09,AT43
UH1,4.31,AT43
EC25,10.93,AT43
YAK,1.47,AT43
S2R,2.7,AT43
ROBINSO,0.97,AT43
H2,3.9,AT43
